a,b,measure,diff,lo,hi,distinguishable
AraBART,AraT5v2-base,coverage,0.028,0.021,0.034,True
AraBART,AraT5v2-base,density,2.176,1.837,2.506,True
AraBART,AraT5v2-base,novel_3g,-9.395,-10.532,-8.184,True
mT5-small,AraBART,coverage,0.064,0.056,0.071,True
mT5-small,AraBART,density,1.388,0.998,1.778,True
mT5-small,AraBART,novel_3g,-9.991,-11.298,-8.728,True
mT5-small,AraT5v2-base,coverage,0.091,0.084,0.099,True
mT5-small,AraT5v2-base,density,3.564,3.235,3.915,True
mT5-small,AraT5v2-base,novel_3g,-19.385,-20.632,-18.136,True
