cap,words,P,R,F1
5,4.997,44.45964285714285,7.433530400499187,12.599731320180988
10,9.992,42.670570679320676,14.546147461247944,21.353405065132122
15,14.987,40.359906931625225,20.837251199760722,27.01340819438858
20,19.982,37.93174533525952,26.374808502423956,30.566406551650243
25,24.972,35.406138311745885,30.84175299680511,32.39113919158928
30,29.944,32.72496167651497,34.225410728707864,32.89165658406447
35,34.91,30.362538008166652,36.97125158736869,32.7891358396681
40,39.859,28.25351660368864,39.25628362784663,32.330679465645794
50,49.627,24.922233833773337,42.9591759434402,31.070935561340878
60,59.1,22.434193576249545,45.84783275049814,29.691638804024382
70,68.073,20.516461187907943,48.04806472400513,28.339482625100324
85,79.831,18.49401241924843,50.318688070543054,26.620441422591693
100,89.322,17.27411285678985,51.938692417384274,25.454972423114732
150,97.409,16.455197026648253,53.004965225044145,24.5776417573278
