system,bracket,n,R1_F1,R1_P,R1_R
mT5-small,0-19,241,35.58,45.12,30.64
mT5-small,20-29,342,34.19,37.65,32.14
mT5-small,30-39,390,36.54,36.76,36.79
mT5-small,>=40,27,39.87,36.8,43.72
AraBART,0-19,243,39.7,48.76,34.65
AraBART,20-29,368,39.67,44.43,36.76
AraBART,30-39,352,37.85,38.44,37.66
AraBART,>=40,37,33.82,31.25,37.28
AraT5v2-base,0-19,208,41.23,49.09,36.87
AraT5v2-base,20-29,369,39.5,43.63,36.99
AraT5v2-base,30-39,398,38.22,38.46,38.44
AraT5v2-base,>=40,25,31.27,29.36,33.82
AraBART (zero-shot),0-19,0,,,
AraBART (zero-shot),20-29,0,,,
AraBART (zero-shot),30-39,2,24.06,16.1,60.71
AraBART (zero-shot),>=40,998,22.95,14.61,56.13
Jais-6.7B (zero-shot),0-19,1,0.0,0.0,0.0
Jais-6.7B (zero-shot),20-29,5,27.33,25.96,29.83
Jais-6.7B (zero-shot),30-39,6,29.42,25.91,34.98
Jais-6.7B (zero-shot),>=40,988,24.56,16.37,53.29
